reviewId,userName,userImage,content,score,thumbsUpCount,reviewCreatedVersion,at,replyContent,repliedAt,appVersion
0e08d06e-20da-482b-b4ea-7f57ccccd2b5,Rioaldo,https://play-lh.googleusercontent.com/a/ACg8oc...,Aplikasi Agrolyn sangat membantu untuk menemukan informasi pertanian yang tepat!,5,10,1.0.0,2024-10-03 07:52:45,None,NaT,1.0.0
07690444-986c-4190-b61a-b574e4a42f96,Waqintin,https://play-lh.googleusercontent.com/a-/ALV-U...,Fitur forum perlu lebih banyak moderator untuk menjaga kualitas diskusi.,2,15,1.0.0,2024-10-03 07:51:17,None,NaT,1.0.0
d8914636-d950-4626-bf2c-6bea06f49fdf,Waeng,https://play-lh.googleusercontent.com/a-/ALV-U...,Fitur deteksi penyakit tanaman sangat membantu dalam perawatan tanaman saya.,5,8,1.0.0,2024-10-03 07:48:00,None,NaT,1.0.0
83126f89-aabf-40c3-b23d-c8b223ce8ceb,Fian,https://play-lh.googleusercontent.com/a/ACg8oc...,Aplikasi ini lambat saat membuka halaman marketplace.,1,12,1.0.0,2024-10-03 07:44:06,None,NaT,1.0.0
68f422e5-a92f-40bc-ace0-af139f3ecfd4,Sahdu ,https://play-lh.googleusercontent.com/a-/ALV-U...,Banyak artikel yang bermanfaat dan mudah dipahami.,4,20,1.0.0,2024-10-03 07:43:49,None,NaT,1.0.0
e35b2f7e-2dbf-4f09-8df0-458ab2767a99,Budi Darmawan,https://play-lh.googleusercontent.com/a-/ALV-U...,"Proses pendaftaran cukup rumit, perlu perbaikan.",2,18,1.0.0,2024-10-03 07:40:30,None,NaT,1.0.0
a4cbb930-7a7e-4658-9446-bcf8568a7a3b,Melinda,https://play-lh.googleusercontent.com/a-/ALV-U...,Saya tidak menemukan informasi yang relevan di forum.,1,25,1.0.0,2024-10-03 07:39:14,None,NaT,1.0.0
7d819244-52d4-451b-b8e4-fd56872cdee3,Dedi ,https://play-lh.googleusercontent.com/a-/ALV-U...,"Sangat senang menggunakan Agrolyn, fitur-fiturnya sangat berguna.",5,13,1.0.0,2024-10-03 07:38:00,None,NaT,1.0.0
f11369b1-329f-4c77-812d-2e12b4735422,Wahyuni,https://play-lh.googleusercontent.com/a-/ALV-U...,Fitur notifikasi seringkali terlambat.,2,16,1.0.0,2024-10-03 07:37:30,None,NaT,1.0.0
0e08d06e-20da-482b-b4ea-7f57ccccd2b5,Rio Naldo,https://play-lh.googleusercontent.com/a/ACg8oc...,Aplikasi Agrolyn mengubah cara saya berbisnis dalam pertanian.,5,10,1.0.0,2024-10-03 07:52:45,None,NaT,1.0.0
07690444-986c-4190-b61a-b574e4a42f96,Wahyu Ginting,https://play-lh.googleusercontent.com/a-/ALV-U...,"Fitur marketplace sulit dinavigasi, perlu lebih sederhana.",1,15,1.0.0,2024-10-03 07:51:17,None,NaT,1.0.0
d8914636-d950-4626-bf2c-6bea06f49fdf,Waeng Bae,https://play-lh.googleusercontent.com/a-/ALV-U...,Video tutorial yang ada sangat informatif dan membantu.,4,8,1.0.0,2024-10-03 07:48:00,None,NaT,1.0.0
83126f89-aabf-40c3-b23d-c8b223ce8ceb,Okta Fian,https://play-lh.googleusercontent.com/a/ACg8oc...,Aplikasi ini sering mengalami crash saat digunakan.,2,12,1.0.0,2024-10-03 07:44:06,None,NaT,1.0.0
68f422e5-a92f-40bc-ace0-af139f3ecfd4,Sahdu M,https://play-lh.googleusercontent.com/a-/ALV-U...,Agrolyn membuat proses belajar tentang pertanian menjadi lebih menyenangkan.,5,20,1.0.0,2024-10-03 07:43:49,None,NaT,1.0.0
e35b2f7e-2dbf-4f09-8df0-458ab2767a99,Budi Darmawan,https://play-lh.googleusercontent.com/a-/ALV-U...,Aplikasi ini sangat berat untuk fitur deteksi dan loading gambar,1,18,1.0.0,2024-10-03 07:40:30,None,NaT,1.0.0
a4cbb930-7a7e-4658-9446-bcf8568a7a3b,Rina Melinda,https://play-lh.googleusercontent.com/a-/ALV-U...,Fitur deteksi penyakit tanaman sangat akurat dan mudah digunakan.,5,25,1.0.0,2024-10-03 07:39:14,None,NaT,1.0.0
7d819244-52d4-451b-b8e4-fd56872cdee3,Dedi Supriadi,https://play-lh.googleusercontent.com/a-/ALV-U...,Saya berharap ada lebih banyak artikel yang mendalam.,2,13,1.0.0,2024-10-03 07:38:00,None,NaT,1.0.0
f11369b1-329f-4c77-812d-2e12b4735422,Sinta Wahyuni,https://play-lh.googleusercontent.com/a-/ALV-U...,Fitur marketplace harus diperbaiki agar lebih efisien.,1,16,1.0.0,2024-10-03 07:37:30,None,NaT,1.0.0
d67f8f4e-9c0e-4fa7-b0c4-c1f88a6d2ab2,Ahmad Fauzan,https://play-lh.googleusercontent.com/a-/ALV-U...,Forum Agrolyn adalah tempat yang baik untuk berbagi pengalaman.,4,22,1.0.0,2024-10-03 07:35:22,None,NaT,1.0.0
42bfb3bb-fc5f-4f0c-94b7-4cdd69e35e5c,Yusuf Santoso,https://play-lh.googleusercontent.com/a-/ALV-U...,Aplikasi ini sangat membantu dalam memasarkan produk pertanian saya.,5,17,1.0.0,2024-10-03 07:34:10,None,NaT,1.0.0
aabdbf6e-0232-4262-b1d7-54de35ff7d45,Andi Suryani,https://play-lh.googleusercontent.com/a-/ALV-U...,Saya mengalami kesulitan saat mencoba fitur deteksi penyakit.,1,14,1.0.0,2024-10-03 07:33:50,None,NaT,1.0.0
d894ccfc-7a9a-4747-a0a8-c61b5d16c023,Devi Anggraini,https://play-lh.googleusercontent.com/a-/ALV-U...,Fitur artikel harus lebih sering diperbarui dengan informasi terbaru.,2,19,1.0.0,2024-10-03 07:32:30,None,NaT,1.0.0
73ffb4a5-3d94-4d55-8186-858f52b5a6c5,Joko Sutopo,https://play-lh.googleusercontent.com/a-/ALV-U...,Sangat puas dengan pengalaman menggunakan Agrolyn!,4,23,1.0.0,2024-10-03 07:31:05,None,NaT,1.0.0
8f75cfcb-d437-4ae7-bcb6-efb7dc8a07a6,Anwar Budiman,https://play-lh.googleusercontent.com/a-/ALV-U...,Aplikasi ini tidak selalu responsif pada perangkat lama.,1,20,1.0.0,2024-10-03 07:30:50,None,NaT,1.0.0
64543b84-219b-4f47-88b5-e5c8a7b293fb,Eko Nugroho,https://play-lh.googleusercontent.com/a-/ALV-U...,Saya menyukai fitur notifikasi yang selalu memberi tahu tentang berita terbaru.,5,24,1.0.0,2024-10-03 07:30:10,None,NaT,1.0.0
93f31455-8c16-483a-b6c4-b3b8b94d7dff,Dina Pratiwi,https://play-lh.googleusercontent.com/a-/ALV-U...,"Fitur forum sering kali tidak aktif, perlu promosi lebih.",1,26,1.0.0,2024-10-03 07:29:45,None,NaT,1.0.0
48759ecf-9d50-4b74-b1e3-74b6c8d738fb,Dewi Angkasa,https://play-lh.googleusercontent.com/a-/ALV-U...,Proses pembayaran sangat cepat dan aman.,5,25,1.0.0,2024-10-03 07:28:30,None,NaT,1.0.0
8374d3e8-f013-4e68-bb69-3a1de4db65c9,Rio Ahmad,https://play-lh.googleusercontent.com/a-/ALV-U...,Aplikasi Agrolyn sangat membantu dalam menemukan pembeli.,5,29,1.0.0,2024-10-03 07:28:00,None,NaT,1.0.0
7a5c04a9-bfab-4b4f-b0f8-6db9ad894d3d,Nurhayati,https://play-lh.googleusercontent.com/a-/ALV-U...,Fitur deteksi penyakit tanaman sangat berguna untuk petani baru.,4,30,1.0.0,2024-10-03 07:27:20,None,NaT,1.0.0
92c1b5a6-4511-43af-9bc7-3d2db634fa7f,Andini Putri,https://play-lh.googleusercontent.com/a-/ALV-U...,Terlalu banyak masalah teknis dalam aplikasi ini.,2,32,1.0.0,2024-10-03 07:26:55,None,NaT,1.0.0
531c0fb4-2125-4b8d-8d29-fd184bf31eac,Rizky Ramadhan,https://play-lh.googleusercontent.com/a-/ALV-U...,Saya merasa lebih percaya diri dalam bertani berkat Agrolyn.,5,35,1.0.0,2024-10-03 07:26:30,None,NaT,1.0.0
6dbd3ae9-176f-40c1-9ae4-986f193cbf6e,Ariyanto,https://play-lh.googleusercontent.com/a-/ALV-U...,Forum Agrolyn bisa menjadi lebih bermanfaat dengan lebih banyak partisipasi.,3,38,1.0.0,2024-10-03 07:26:10,None,NaT,1.0.0
70cb8452-2134-47fa-8e82-cc5d32475e29,Fadhila Safitri,https://play-lh.googleusercontent.com/a-/ALV-U...,Aplikasi ini sering mengalami bug yang mengganggu.,2,30,1.0.0,2024-10-03 07:25:00,None,NaT,1.0.0
e720f5a9-3567-4c2d-bf7e-e546b9a2d4bc,Yulianto Siregar,https://play-lh.googleusercontent.com/a-/ALV-U...,Fitur pembayaran harus diperjelas dan lebih mudah digunakan.,2,42,1.0.0,2024-10-04 07:50:32,None,NaT,1.0.0
f902c9fb-cb3e-4831-a789-621f61d3b2f6,Gita Anggita,https://play-lh.googleusercontent.com/a-/ALV-U...,Aplikasi Agrolyn membantu saya dalam menjalankan bisnis pertanian.,5,39,1.0.0,2024-10-04 07:49:30,None,NaT,1.0.0
26b20736-3d79-41be-8e1d-c0df74be42b9,Aditya Prasetyo,https://play-lh.googleusercontent.com/a-/ALV-U...,Saya suka bahwa banyak informasi yang bisa diakses secara gratis.,4,50,1.0.0,2024-10-04 07:48:24,None,NaT,1.0.0
3bb18ddf-40c8-4056-8c8e-bfe2aabbcaf6,Fajar Nugraha,https://play-lh.googleusercontent.com/a-/ALV-U...,Aplikasi ini lambat di perangkat dengan RAM rendah.,2,45,1.0.0,2024-10-04 07:47:00,None,NaT,1.0.0
f7ed7f7c-06e0-4631-902d-e4522c1d0077,Inge Wirawan,https://play-lh.googleusercontent.com/a-/ALV-U...,Fitur artikel sangat bermanfaat dan menambah pengetahuan saya.,5,60,1.0.0,2024-10-04 07:45:55,None,NaT,1.0.0
c45374e4-2587-4b3f-9b77-b5e5c5c6d1a8,Agus Susilo,https://play-lh.googleusercontent.com/a-/ALV-U...,Fitur notifikasi kadang tidak muncul saat dibutuhkan.,2,33,1.0.0,2024-10-04 07:44:50,None,NaT,1.0.0
4730d58b-b5a4-4e74-9cb3-cfd8b92f1d7d,Heru Wicaksono,https://play-lh.googleusercontent.com/a-/ALV-U...,Saya merasa lebih terhubung dengan petani lain berkat forum.,4,55,1.0.0,2024-10-04 07:43:43,None,NaT,1.0.0
1cf2e26b-c2bc-4f8a-9a47-d8a2dd798b7a,Rika Amalia,https://play-lh.googleusercontent.com/a-/ALV-U...,Fitur marketplace mudah digunakan dan intuitif.,5,25,1.0.0,2024-10-04 07:42:34,None,NaT,1.0.0
795f52d3-4c33-4291-9d61-8cdd36236275,Yogi Pranata,https://play-lh.googleusercontent.com/a-/ALV-U...,Saya berharap bisa mendapatkan lebih banyak tutorial video.,3,36,1.0.0,2024-10-04 07:41:27,None,NaT,1.0.0
4f00df11-e490-43b7-b7c5-78406d9b4e25,Dian Safitri,https://play-lh.googleusercontent.com/a-/ALV-U...,Aplikasi ini sering tidak merespon saat dibuka.,2,48,1.0.0,2024-10-04 07:40:50,None,NaT,1.0.0
37df8477-c529-49f5-8b84-6321235a9b9e,Irfan Maulana,https://play-lh.googleusercontent.com/a-/ALV-U...,Agrolyn adalah aplikasi yang wajib dimiliki petani!,5,35,1.0.0,2024-10-04 07:40:10,None,NaT,1.0.0
0f5fa93b-c71f-47ea-85a1-1649497fce76,Siti Rahmawati,https://play-lh.googleusercontent.com/a-/ALV-U...,"Fitur deteksi penyakit tidak selalu akurat, kadang menyesatkan.",2,28,1.0.0,2024-10-04 07:39:48,None,NaT,1.0.0
3acbc02a-fded-4780-9c1b-29a5d68a0c2d,Ari Budiman,https://play-lh.googleusercontent.com/a-/ALV-U...,Aplikasi ini memberikan banyak wawasan baru tentang pertanian.,4,52,1.0.0,2024-10-04 07:38:40,None,NaT,1.0.0
29c1b358-5fbb-44d1-b06c-4726212df151,Indah Sari,https://play-lh.googleusercontent.com/a-/ALV-U...,Fitur forum perlu lebih banyak konten untuk menarik lebih banyak pengguna.,2,50,1.0.0,2024-10-04 07:37:30,None,NaT,1.0.0
a65bf48d-d29d-4fb3-9201-e3ef670c5014,Edi Sutrisno,https://play-lh.googleusercontent.com/a-/ALV-U...,Saya sangat puas dengan kemudahan penggunaan aplikasi Agrolyn.,5,53,1.0.0,2024-10-04 07:36:50,None,NaT,1.0.0
65a6e9b7-c25a-4970-82c3-4dfd9a6b50d6,Rian Maulana,https://play-lh.googleusercontent.com/a-/ALV-U...,Fitur artikel harus lebih sering diperbarui.,2,40,1.0.0,2024-10-04 07:36:30,None,NaT,1.0.0
e004a6a5-4e53-41b4-8c43-7f12b1ccf51a,Anton Suhendra,https://play-lh.googleusercontent.com/a-/ALV-U...,Aplikasi Agrolyn adalah sahabat terbaik para petani!,5,60,1.0.0,2024-10-04 07:35:10,None,NaT,1.0.0
ffa31f0b-3a41-4a11-a0a5-40f54f4d58cc,Ratna Kartika,https://play-lh.googleusercontent.com/a-/ALV-U...,Saya mengalami kesulitan saat mencari informasi di forum.,2,33,1.0.0,2024-10-04 07:34:15,None,NaT,1.0.0
29e6f158-4e99-4349-aabc-9f31c54225d2,Reza Rahmadi,https://play-lh.googleusercontent.com/a-/ALV-U...,Fitur marketplace sangat membantu dalam proses jual beli.,5,42,1.0.0,2024-10-04 07:33:40,None,NaT,1.0.0
192db4de-51b6-44e1-b5e7-707c88af7dcb,Gina Febriyanti,https://play-lh.googleusercontent.com/a-/ALV-U...,Saya merasa proses pendaftaran terlalu rumit.,1,55,1.0.0,2024-10-04 07:33:10,None,NaT,1.0.0
5fc8d4df-7b9e-4fb7-904d-237ef9404b59,Ryan Setiawan,https://play-lh.googleusercontent.com/a-/ALV-U...,"Saya suka informasi yang tersedia di Agrolyn, sangat mendidik!",4,39,1.0.0,2024-10-04 07:32:55,None,NaT,1.0.0
b315e8b9-fbf6-49b7-9d14-46fe4171093f,Denny Irawan,https://play-lh.googleusercontent.com/a-/ALV-U...,Aplikasi ini sering keluar sendiri saat saya menggunakannya.,2,50,1.0.0,2024-10-04 07:32:30,None,NaT,1.0.0
2cb6ab89-96bb-41cf-90c2-348c1f57b211,Risa Amelia,https://play-lh.googleusercontent.com/a-/ALV-U...,Fitur pembayaran harus lebih sederhana.,2,41,1.0.0,2024-10-04 07:32:00,None,NaT,1.0.0
db129462-287d-44c1-a902-354f8b6f4769,Anggi Supriyadi,https://play-lh.googleusercontent.com/a-/ALV-U...,Forum Agrolyn adalah tempat yang baik untuk belajar dari pengalaman orang lain.,4,38,1.0.0,2024-10-04 07:31:40,None,NaT,1.0.0
c36e5b87-38fa-4ae7-9b13-26bb5d5f62cf,Devi Susanti,https://play-lh.googleusercontent.com/a-/ALV-U...,Aplikasi Agrolyn membuat hidup saya sebagai petani lebih mudah.,5,45,1.0.0,2024-10-04 07:30:30,None,NaT,1.0.0
17bffce1-5b32-4e6f-b978-832c17497cbb,Bambang Sutanto,https://play-lh.googleusercontent.com/a-/ALV-U...,Fitur deteksi penyakit tanaman perlu diperbaiki agar lebih akurat.,2,60,1.0.0,2024-10-04 07:30:00,None,NaT,1.0.0
f8db14e7-c09e-466b-b2da-8ef6cfe6ff69,Ratih Kartika,https://play-lh.googleusercontent.com/a-/ALV-U...,Saya sangat menghargai dukungan pelanggan yang cepat.,4,40,1.0.0,2024-10-04 07:29:30,None,NaT,1.0.0
8922f5a9-8373-4f7c-882c-e6f47c5b2072,Dimas Prayoga,https://play-lh.googleusercontent.com/a-/ALV-U...,Fitur notifikasi sering tidak berfungsi saat dibutuhkan.,2,32,1.0.0,2024-10-05 09:50:45,None,NaT,1.0.0
bc451fb2-fab3-4c39-8878-5b73016af8a5,Rian Pranata,https://play-lh.googleusercontent.com/a-/ALV-U...,Aplikasi Agrolyn sangat membantu dalam memahami teknik pertanian baru.,5,28,1.0.0,2024-10-05 09:48:30,None,NaT,1.0.0
c398d4d8-4477-4518-8829-4f6a9bb2091e,Sinta Rahayu,https://play-lh.googleusercontent.com/a-/ALV-U...,Fitur marketplace sangat menyenangkan dan mudah digunakan.,4,41,1.0.0,2024-10-05 09:47:50,None,NaT,1.0.0
a80b3b9f-97f1-4d53-830f-57f63fdc1979,Ridwan Saputra,https://play-lh.googleusercontent.com/a-/ALV-U...,Saya berharap ada lebih banyak acara atau webinar tentang pertanian.,3,34,1.0.0,2024-10-05 09:46:20,None,NaT,1.0.0
e12a7bd3-142f-4c8b-bdd6-d084fa40ad7e,Winda Sukmawati,https://play-lh.googleusercontent.com/a-/ALV-U...,Aplikasi ini seringkali lambat saat memuat konten.,2,38,1.0.0,2024-10-05 09:44:55,None,NaT,1.0.0
bc3cb2c8-e36d-4c0f-b4c4-49da5b9ae172,Hendro Permadi,https://play-lh.googleusercontent.com/a-/ALV-U...,Saya mendapatkan banyak informasi yang bermanfaat dari artikel di Agrolyn.,5,40,1.0.0,2024-10-05 09:43:42,None,NaT,1.0.0
1e3b1444-1df5-4be6-8f42-5f8bc7d0197b,Anton Suharto,https://play-lh.googleusercontent.com/a-/ALV-U...,Fitur forum bisa menjadi lebih interaktif dengan lebih banyak kegiatan.,3,36,1.0.0,2024-10-05 09:42:35,None,NaT,1.0.0
c1a6f5d8-5a4c-45cf-82b1-2f43f1fa5b3f,Hana Lestari,https://play-lh.googleusercontent.com/a-/ALV-U...,Aplikasi Agrolyn membantu saya dalam berinteraksi dengan petani lain.,5,45,1.0.0,2024-10-05 09:41:20,None,NaT,1.0.0
f4e6b4d6-8872-4be5-9497-e6a839394c79,Bayu Kurniawan,https://play-lh.googleusercontent.com/a-/ALV-U...,Aplikasi dengan fitur modern dan inovatif,5,52,1.0.0,2024-10-05 09:40:00,None,NaT,1.0.0
24a6d57f-6f5d-4b99-9fd1-2f43843c2020,Linda Purwanti,https://play-lh.googleusercontent.com/a-/ALV-U...,Solusi terbaik untuk pertanian digital,5,44,1.0.0,2024-10-05 09:38:50,None,NaT,1.0.0
6832b2bb-7c78-4262-9a7f-5713e4af30f4,Roni Anggoro,https://play-lh.googleusercontent.com/a-/ALV-U...,Agrolyn mempermudah manajemen pertanian saya,4,30,1.0.0,2024-10-05 09:37:40,None,NaT,1.0.0
6edac259-8754-4318-9c59-38d22bf3ae6c,Dedi Setiawan,https://play-lh.googleusercontent.com/a-/ALV-U...,Sangat praktis dan efisien,5,55,1.0.0,2024-10-05 09:36:20,None,NaT,1.0.0
bb67f5ac-3f6e-45d5-9b46-ea7d8f6330b7,Eka Wulandari,https://play-lh.googleusercontent.com/a-/ALV-U...,Aplikasi yang sangat memudahkan,4,37,1.0.0,2024-10-05 09:35:00,None,NaT,1.0.0
4c943ce4-d51f-4d07-91e9-314f83c312a5,Ardi Saputra,https://play-lh.googleusercontent.com/a-/ALV-U...,Fitur sangat inovatif dan membantu,5,42,1.0.0,2024-10-05 09:33:48,None,NaT,1.0.0
5f5e60e4-7a8f-41a9-8ae3-b65a530b8b45,Hendra Wijaya,https://play-lh.googleusercontent.com/a-/ALV-U...,Sangat suka dengan fitur-fitur di aplikasi ini,4,38,1.0.0,2024-10-05 09:32:30,None,NaT,1.0.0
68fb2cb3-684d-4d58-96b5-c78b1f55dc79,Galih Septianto,https://play-lh.googleusercontent.com/a-/ALV-U...,Agrolyn sangat bagus untuk pertanian digital,5,50,1.0.0,2024-10-05 09:31:10,None,NaT,1.0.0
d3650e87-16b8-4865-9247-3d5281b30e79,Risma Ayu,https://play-lh.googleusercontent.com/a-/ALV-U...,Sangat efisien dan memudahkan manajemen pertanian,5,46,1.0.0,2024-10-05 09:30:30,None,NaT,1.0.0
e01dca0d-cf96-47a5-9cb1-74545a8e1c8e,Bima Satria,https://play-lh.googleusercontent.com/a-/ALV-U...,Fitur lengkap dan efisien,4,44,1.0.0,2024-10-05 09:29:00,None,NaT,1.0.0
10a6f3bc-7db2-47d4-a8d1-b67c4f40b8a7,Aldi Kurnia,https://play-lh.googleusercontent.com/a-/ALV-U...,Memudahkan proses pertanian,5,52,1.0.0,2024-10-05 09:27:50,None,NaT,1.0.0
3d52d4cd-4b6f-4f37-8c63-13b3c5836f79,Andi Pratama,https://play-lh.googleusercontent.com/a-/ALV-U...,Sangat bermanfaat dan inovatif,4,42,1.0.0,2024-10-05 09:26:45,None,NaT,1.0.0
123abc45-def6-7890-gh12-ijk345lmno67,Rudi Setiawan,https://play-lh.googleusercontent.com/a/ACg8oc...,"Aplikasi sering force close, tidak nyaman digunakan.",2,1,1.0.0,2024-10-20 12:34:56,None,NaT,1.0.0
a4567def-ghij-klmn-opqr-stu345vwxyz89,Dina Hartati,https://play-lh.googleusercontent.com/a-/ALV-U...,"Fitur banyak bug, tidak sesuai harapan.",1,0,1.0.0,2024-10-20 10:30:21,None,NaT,1.0.0
b7890cde-fghi-jklm-nopq-rst567uvwxyz12,Anton Suryadi,https://play-lh.googleusercontent.com/a-/ACg8oc...,Tidak user-friendly dan sulit diakses.,3,2,1.0.0,2024-10-21 09:25:14,None,NaT,1.0.0
c8901def-ijkl-mnop-qrst-uvwx234yzabcd3,Siti Amalia,https://play-lh.googleusercontent.com/a/ACg8oc...,Pelayanan lambat dan sering eror saat digunakan.,2,0,1.0.0,2024-10-21 15:22:31,None,NaT,1.0.0
d9012efg-jklm-nopq-rst0-uvwx345yzabcd4,Budi Prasetyo,https://play-lh.googleusercontent.com/a-/ALV-U...,"Aplikasi berat dan sering lag, mohon perbaikan.",3,1,1.0.0,2024-10-20 08:11:45,None,NaT,1.0.0
e0123fgh-klmn-opqr-stu1-vwxz456yzabcd5,Maya Dewi,https://play-lh.googleusercontent.com/a/ACg8oc...,"Sering macet dan tidak responsif, harap segera diperbaiki.",1,0,1.0.0,2024-10-21 11:45:52,None,NaT,1.0.0
f1234ghi-lmno-pqrs-tuv2-wxyz567yzabcd6,Agus Saputra,https://play-lh.googleusercontent.com/a-/ALV-U...,"Tidak sesuai deskripsi, kecewa dengan performanya.",2,0,1.0.0,2024-10-21 13:33:09,None,NaT,1.0.0
g2345hij-mnop-qrst-uvw3-xyz012yzabcd7,Arif Rahman,https://play-lh.googleusercontent.com/a/ACg8oc...,"Banyak fitur yang tidak berfungsi, sangat mengecewakan.",3,0,1.0.0,2024-10-20 14:22:44,None,NaT,1.0.0
h3456ijk-nopq-rstu-vwx4-yz0123yzabcd8,Yulia Fitri,https://play-lh.googleusercontent.com/a-/ALV-U...,"Tidak bisa diakses di perangkat saya, tolong perbaiki.",1,1,1.0.0,2024-10-21 17:55:30,None,NaT,1.0.0
i4567jkl-opqr-stuv-wxy5-z01234yzabcd9,Rizky Maulana,https://play-lh.googleusercontent.com/a/ACg8oc...,Proses login sangat lambat dan sering gagal.,2,0,1.0.0,2024-10-20 18:45:19,None,NaT,1.0.0
j5678klm-pqrs-tuvw-xyz6-012345yzabcde0,Intan Pradipta,https://play-lh.googleusercontent.com/a-/ALV-U...,"Aplikasi ini tidak stabil, tolong segera diperbaiki.",3,0,1.0.0,2024-10-20 09:01:38,None,NaT,1.0.0
k6789lmn-qrst-uvwx-yz67-123456yzabcde1,Fajar Hidayat,https://play-lh.googleusercontent.com/a/ACg8oc...,"Masih banyak bug, sering macet di tengah penggunaan.",2,1,1.0.0,2024-10-21 12:15:56,None,NaT,1.0.0
l7890mno-rstu-vwxy-z789-234567yzabcde2,Desi Anggraini,https://play-lh.googleusercontent.com/a-/ALV-U...,"Fitur premium tidak berguna, tidak sebanding dengan biaya.",1,0,1.0.0,2024-10-20 10:11:11,None,NaT,1.0.0
m8901nop-stuv-wxyz-0123-345678yzabcde3,Dimas Rachman,https://play-lh.googleusercontent.com/a/ACg8oc...,"Aplikasi terlalu berat, tidak nyaman untuk digunakan.",3,0,1.0.0,2024-10-20 14:43:29,None,NaT,1.0.0
n9012opq-tuvw-xyza-2345-456789yzabcde4,Andi Prakoso,https://play-lh.googleusercontent.com/a/ACg8oc..., membuat pengalaman penggunaan buruk.,2,0,1.0.0,2024-10-21 15:20:49,None,NaT,1.0.0
o0123pqr-uvwx-yzab-3456-567890yzabcde5,Rina Susanti,https://play-lh.googleusercontent.com/a-/ALV-U...,Interface membingungkan dan tidak intuitif.,1,0,1.0.0,2024-10-20 16:05:32,None,NaT,1.0.0
7b1a8430-eaef-4c90-a064-becb6f89f44b,Mutiara Pertiwi,https://play-lh.googleusercontent.com/a-/ALV-U...,Aplikasi ini sangat membantu dalam bercocok tanam,5,40,1.0.0,2024-10-03 07:26:30,None,NaT,1.0.0
1cf13b88-89b0-4a64-9443-00756a648c00,Bagus Santoso,https://play-lh.googleusercontent.com/a-/ALV-U...,Agrolyn adalah solusi tepat untuk petani,5,50,1.0.0,2024-10-03 07:26:10,None,NaT,1.0.0
3c5b2200-0e8f-4f49-9636-ecc8a6a314a8,Indah Lestari,https://play-lh.googleusercontent.com/a-/ALV-U...,Sangat membantu petani!,4,30,1.0.0,2024-10-03 07:25:00,None,NaT,1.0.0
c25a37c5-d177-4904-bf34-e67695da57b1,Budi Santoso,https://play-lh.googleusercontent.com/a-/ALV-U...,Aplikasi Agrolyn sangat bermanfaat untuk mempelajari teknik pertanian terbaru!,5,42,1.0.0,2024-10-04 07:50:32,None,NaT,1.0.0
00f25c34-839c-4d12-9882-cd89088bba1f,Rina Sari,https://play-lh.googleusercontent.com/a-/ALV-U...,Fitur forum perlu lebih banyak moderator untuk menjaga kualitas diskusi.,2,39,1.0.0,2024-10-04 07:49:30,None,NaT,1.0.0
6a7be362-6632-43b0-b11f-f47757317dff,Adi Pratama,https://play-lh.googleusercontent.com/a-/ALV-U...,Fitur deteksi penyakit tanaman membantu mengidentifikasi masalah lebih cepat.,5,50,1.0.0,2024-10-04 07:48:24,None,NaT,1.0.0
12ebbbd6-b61f-4a6c-9d62-b0d3344e5141,Rudi Hidayat,https://play-lh.googleusercontent.com/a-/ALV-U...,Aplikasi ini lambat saat membuka halaman tertentu.,1,45,1.0.0,2024-10-04 07:47:00,None,NaT,1.0.0
285b0a1f-fc2a-47da-9089-12da888cbb3e,Siti Aminah,https://play-lh.googleusercontent.com/a-/ALV-U...,Banyak artikel yang sangat informatif dan relevan.,4,20,1.0.0,2024-10-04 07:45:55,None,NaT,1.0.0
d8f2e5f3-d4f3-4fd2-9647-d5a4a9d43e53,Eko Widodo,https://play-lh.googleusercontent.com/a-/ALV-U...,Proses pendaftaran harus lebih cepat dan sederhana.,2,33,1.0.0,2024-10-04 07:44:50,None,NaT,1.0.0
7a9d4500-94f4-4a3c-9f7c-20f38c5b6f2b,Aisyah Nurul,https://play-lh.googleusercontent.com/a-/ALV-U...,"Forum sering sepi, perlu lebih banyak partisipasi.",1,10,1.0.0,2024-10-04 07:43:43,None,NaT,1.0.0
198c98b4-24cf-4f62-80cb-07c10c1cf7f6,Leo Dwi,https://play-lh.googleusercontent.com/a-/ALV-U...,"Sangat senang menggunakan Agrolyn, fitur-fiturnya luar biasa.",5,48,1.0.0,2024-10-04 07:40:50,None,NaT,1.0.0
9ebbc6f1-2567-4d07-b4b1-9b686e1f8c99,Rika Amalia,https://play-lh.googleusercontent.com/a-/ALV-U...,Notifikasi sering datang terlambat.,2,25,1.0.0,2024-10-04 07:42:34,None,NaT,1.0.0
8b4f8c14-9161-413f-a06c-fb9b5a92bb53,Farhan Aditya,https://play-lh.googleusercontent.com/a-/ALV-U...,Aplikasi Agrolyn mengubah cara saya berbisnis di pertanian.,5,15,1.0.0,2024-10-04 07:41:27,None,NaT,1.0.0
c7e5e1f4-d8c0-47ee-bd9c-efc676fa9e15,Aulia Lestari,https://play-lh.googleusercontent.com/a-/ALV-U...,"Fitur marketplace sulit dinavigasi, perlu perbaikan.",1,28,1.0.0,2024-10-04 07:39:48,None,NaT,1.0.0
c59e1d83-35c8-42b3-81b4-5bc73f00b04d,Tia Novitasari,https://play-lh.googleusercontent.com/a-/ALV-U...,Video tutorial sangat membantu dalam memahami aplikasi.,4,52,1.0.0,2024-10-04 07:38:40,None,NaT,1.0.0
716b0e2e-7aa2-496f-a4f4-47791a540d3e,Rizal Maulana,https://play-lh.googleusercontent.com/a-/ALV-U...,Aplikasi ini sering mengalami crash saat dibuka.,2,22,1.0.0,2024-10-04 07:37:30,None,NaT,1.0.0
4b8ae59d-b8e1-4f6c-9af9-4abf2f2dca4b,Della Amalia,https://play-lh.googleusercontent.com/a-/ALV-U...,Agrolyn membuat belajar tentang pertanian lebih menyenangkan.,5,53,1.0.0,2024-10-04 07:36:50,None,NaT,1.0.0
0d271b2e-0598-4c53-8c01-b68c1c6bc1e3,Eko Setiawan,https://play-lh.googleusercontent.com/a-/ALV-U..., aplikasi ini terlalu buruk untuk pengguna baru.,1,40,1.0.0,2024-10-04 07:36:30,None,NaT,1.0.0
6e12b65e-192c-4a79-9997-5f5d92e81dc7,Rani Safira,https://play-lh.googleusercontent.com/a-/ALV-U...,Fitur deteksi penyakit tanaman sangat akurat dan bermanfaat.,5,45,1.0.0,2024-10-04 07:35:10,None,NaT,1.0.0
21da4a6e-070e-4ed8-8121-246ab3c637bc,Diko Ramadhan,https://play-lh.googleusercontent.com/a-/ALV-U...,Saya berharap ada lebih banyak artikel berkualitas.,2,17,1.0.0,2024-10-04 07:34:40,None,NaT,1.0.0
91d31db5-88bc-4b03-893c-0e96438f988c,Nia Kurniawati,https://play-lh.googleusercontent.com/a-/ALV-U...,Fitur marketplace perlu diperbaiki agar lebih user-friendly.,1,49,1.0.0,2024-10-04 07:33:20,None,NaT,1.0.0
a2b18966-cdde-4470-9d52-d5508bc8b261,Teddy Prabowo,https://play-lh.googleusercontent.com/a-/ALV-U...,Forum Agrolyn adalah tempat yang bagus untuk bertukar pengalaman.,4,29,1.0.0,2024-10-04 07:32:10,None,NaT,1.0.0
98c6b342-2179-4c95-845e-9e4c2b08a64b,Farhan Maulana,https://play-lh.googleusercontent.com/a-/ALV-U...,Aplikasi ini sangat membantu dalam memasarkan produk saya.,5,35,1.0.0,2024-10-05 08:15:00,None,NaT,1.0.0
27cb38d5-c999-4b47-bf2b-8f16e3e20592,Lestari Wulan,https://play-lh.googleusercontent.com/a-/ALV-U...,Saya kesulitan saat menggunakan fitur deteksi penyakit.,1,18,1.0.0,2024-10-05 08:14:00,None,NaT,1.0.0
6e3bc61e-cf3b-48b2-9b9a-abe0b12f176c,Rizky Budi,https://play-lh.googleusercontent.com/a-/ALV-U...,Artikel harus diperbarui secara rutin dengan informasi terbaru.,2,44,1.0.0,2024-10-05 08:12:30,None,NaT,1.0.0
f64b0e52-d8c5-417b-a00d-85a82b074dc2,Tania Kurnia,https://play-lh.googleusercontent.com/a-/ALV-U...,Sangat puas dengan pengalaman menggunakan Agrolyn!,4,23,1.0.0,2024-10-05 08:10:15,None,NaT,1.0.0
0f2a62f1-0573-4e6c-b8a8-e6b16f05b238,Rendi Saputra,https://play-lh.googleusercontent.com/a-/ALV-U...,Aplikasi ini tidak responsif di perangkat lama.,1,29,1.0.0,2024-10-05 08:09:00,None,NaT,1.0.0
97a26d53-b0f3-4b39-9b56-f3a7aef8db3c,Dika Anwar,https://play-lh.googleusercontent.com/a-/ALV-U...,Saya menyukai fitur notifikasi yang memberikan informasi terbaru.,5,15,1.0.0,2024-10-05 08:07:45,None,NaT,1.0.0
2b953404-e324-47b2-a1ec-97e63fa9de63,Aulia Safitri,https://play-lh.googleusercontent.com/a-/ALV-U...,"Forum sering kali kurang aktif, perlu promosi lebih.",1,50,1.0.0,2024-10-05 08:05:20,None,NaT,1.0.0
b8f29188-b8a1-413c-9112-b7e8ef9c65e4,Ega Putra,https://play-lh.googleusercontent.com/a-/ALV-U...,Proses pembayaran sangat cepat dan aman.,5,20,1.0.0,2024-10-05 08:04:10,None,NaT,1.0.0
8cb9f63c-4e75-4d8f-b64f-0203e3abf9f0,Nisa Kurniawati,https://play-lh.googleusercontent.com/a-/ALV-U...,Agrolyn sangat membantu dalam menemukan pembeli.,5,37,1.0.0,2024-10-05 08:03:00,None,NaT,1.0.0
bbcda892-d11b-4598-87d3-1c17d3c1d0ec,Dimas Ardi,https://play-lh.googleusercontent.com/a-/ALV-U...,Fitur deteksi penyakit sangat berguna bagi petani baru.,4,30,1.0.0,2024-10-05 08:01:50,None,NaT,1.0.0
82e2ea-bfa2-4c91-a493-57f2c914ef10,Andi Prasetyo,https://play-lh.googleusercontent.com/a-/ALV-U...,Banyak masalah teknis yang mengganggu pengalaman pengguna.,2,55,1.0.0,2024-10-06 09:00:00,None,NaT,1.0.0
2531eeef-4a98-4c31-a23f-7af59be1c631,Dela Sari,https://play-lh.googleusercontent.com/a-/ALV-U...,Agrolyn membuat saya lebih percaya diri dalam bertani.,5,20,1.0.0,2024-10-06 08:50:00,None,NaT,1.0.0
c1c3e76d-f5b7-4bfb-b7de-eef90555c08e,Fina Kurniawati,https://play-lh.googleusercontent.com/a-/ALV-U...,Forum bisa lebih bermanfaat dengan partisipasi lebih banyak.,3,48,1.0.0,2024-10-06 08:45:30,None,NaT,1.0.0
69aa51a4-c05b-4791-948b-4c3299246d3e,Hendro Saputra,https://play-lh.googleusercontent.com/a-/ALV-U...,Aplikasi ini sering mengalami bug yang mengganggu.,2,30,1.0.0,2024-10-06 08:40:00,None,NaT,1.0.0
74928f67-7c91-4fa0-9d0d-bf7e8cb88b6a,Vita Ananda,https://play-lh.googleusercontent.com/a-/ALV-U...,Fitur pembayaran harus lebih jelas dan sederhana.,2,15,1.0.0,2024-10-06 08:35:00,None,NaT,1.0.0
b6f6e5ef-3f52-44de-93de-fd0e60b6c345,Rudi Hartono,https://play-lh.googleusercontent.com/a-/ALV-U...,Aplikasi Agrolyn membantu dalam menjalankan bisnis pertanian.,5,65,1.0.0,2024-10-06 08:30:00,None,NaT,1.0.0
34ee6e74-9203-4d63-b4a1-07370c9d0a88,Ika Nuryani,https://play-lh.googleusercontent.com/a-/ALV-U...,Saya suka banyak informasi yang tersedia gratis.,4,10,1.0.0,2024-10-06 08:25:00,None,NaT,1.0.0
d80eaa7d-0f29-4f46-bae2-e41a2c43ac04,Budi Kurniawan,https://play-lh.googleusercontent.com/a-/ALV-U...,Aplikasi ini lambat di perangkat dengan spesifikasi rendah.,2,58,1.0.0,2024-10-06 08:20:00,None,NaT,1.0.0
e1a6b0d7-2b43-41d3-bafa-b03dc646d90f,Rina Suhartini,https://play-lh.googleusercontent.com/a-/ALV-U...,Fitur artikel sangat bermanfaat dan menambah wawasan.,5,72,1.0.0,2024-10-06 08:15:00,None,NaT,1.0.0
a1b5cdd4-46e8-41b4-bd9f-64e4016f7fc4,Doni Mahendra,https://play-lh.googleusercontent.com/a-/ALV-U...,Notifikasi kadang tidak muncul saat dibutuhkan.,2,27,1.0.0,2024-10-06 08:10:00,None,NaT,1.0.0
d0e8f5b5-c3d1-4092-9ef1-9088fa6b0e57,Zita Sari,https://play-lh.googleusercontent.com/a-/ALV-U...,Saya merasa lebih terhubung dengan petani lain berkat forum.,4,19,1.0.0,2024-10-06 08:05:00,None,NaT,1.0.0
8fbef39c-d32e-4d7a-8f53-1f9b20f33478,Niko Purnama,https://play-lh.googleusercontent.com/a-/ALV-U...,Fitur marketplace mudah digunakan dan intuitif.,5,65,1.0.0,2024-10-06 08:00:00,None,NaT,1.0.0
6c8d1da1-b9f8-48ab-833f-52eab9f457f8,Rian Prabowo,https://play-lh.googleusercontent.com/a-/ALV-U...,Saya berharap bisa mendapatkan lebih banyak tutorial video.,3,13,1.0.0,2024-10-06 07:55:00,None,NaT,1.0.0
96cbe7d0-6607-43e8-9b34-d479fa4974ec,Lina Anggraini,https://play-lh.googleusercontent.com/a-/ALV-U...,Aplikasi ini sering tidak merespon saat dibuka.,2,41,1.0.0,2024-10-06 07:50:00,None,NaT,1.0.0
f053fb79-4b5d-493e-bc4c-21c6688a802e,Yuda Rahman,https://play-lh.googleusercontent.com/a-/ALV-U...,Agrolyn adalah aplikasi yang wajib dimiliki petani!,5,35,1.0.0,2024-10-06 07:45:00,None,NaT,1.0.0
3ee4f22b-9af6-42e4-b6ef-54054a13b765,Sari Widiya,https://play-lh.googleusercontent.com/a-/ALV-U...,Fitur deteksi penyakit tidak selalu akurat.,2,29,1.0.0,2024-10-06 07:40:00,None,NaT,1.0.0
10f65c61-7a4b-4bc2-b85f-cb62ad02b195,Riska Firmansyah,https://play-lh.googleusercontent.com/a-/ALV-U...,Aplikasi ini memberikan banyak wawasan baru tentang pertanian.,4,60,1.0.0,2024-10-06 07:35:00,None,NaT,1.0.0
6f9de084-8fd5-4b5b-bc76-b69ae3da2655,Aldo Junaidi,https://play-lh.googleusercontent.com/a-/ALV-U...,Forum perlu lebih banyak konten untuk menarik pengguna baru.,2,8,1.0.0,2024-10-06 07:30:00,None,NaT,1.0.0
9a16c75b-b477-4f4d-99f4-bb5867e9d2d3,Mia Salimah,https://play-lh.googleusercontent.com/a-/ALV-U...,Sangat puas dengan kemudahan penggunaan aplikasi Agrolyn.,5,50,1.0.0,2024-10-06 07:25:00,None,NaT,1.0.0
1d905d92-b2e1-42aa-81e3-9b5c645f88b5,Galih Aditya,https://play-lh.googleusercontent.com/a-/ALV-U...,Artikel perlu diperbarui lebih sering.,2,12,1.0.0,2024-10-06 07:20:00,None,NaT,1.0.0
803c329e-e5c8-4389-8c8d-e8f4b6da6c3f,Tiara Putri,https://play-lh.googleusercontent.com/a-/ALV-U...,Aplikasi Agrolyn adalah sahabat terbaik para petani!,5,74,1.0.0,2024-10-06 07:15:00,None,NaT,1.0.0
1a82d8c4-74f4-4452-8e52-f8ae6c7a8460,Joko Santoso,https://play-lh.googleusercontent.com/a-/ALV-U...,Saya kesulitan saat mencari informasi di forum.,2,6,1.0.0,2024-10-06 07:10:00,None,NaT,1.0.0
69c3ff9e-c56c-4172-b78e-ef4aa0d4902f,Vika Sari,https://play-lh.googleusercontent.com/a-/ALV-U...,Fitur marketplace sangat membantu proses jual beli.,5,62,1.0.0,2024-10-06 07:05:00,None,NaT,1.0.0
33de2c9b-70aa-4182-8d07-faa50a2634d1,Beni Fajrin,https://play-lh.googleusercontent.com/a-/ALV-U...,Saya merasa proses pendaftaran terlalu rumit.,1,17,1.0.0,2024-10-06 07:00:00,None,NaT,1.0.0
4c4a7b5c-0f16-44d3-94de-587f807cbe83,Naya Amalia,https://play-lh.googleusercontent.com/a-/ALV-U...,"Saya suka informasi yang tersedia di Agrolyn, sangat mendidik!",4,55,1.0.0,2024-10-06 06:55:00,None,NaT,1.0.0
,,,,,,,,,,
,,,,,,,,,,
,,,,,,,,,,
,,,,,,,,,,
,,,,, ,,,,,
,,,,,,,,,,
,,,,,,,,,,
,,,,,,,,,,
,,,,,,,,,,
,,,,,,,,,,
,,,,,,,,,,
,,,,,,,,,,
,,,,,,,,,,
,,,,,,,,,,
,,,,,,,,,,
,,,,,,,,,,
,,,,,,,,,,
,,,,,,,,,,
,,,,,,,,,,
,,,,,,,,,,
,,,,,,,,,,
,,,,,,,,,,
,,,,,,,,,,
,,,,,,,,,,
,,,,,,,,,,
,,,,,,,,,,
,,,,,,,,,,
,,,,,,,,,,
,,,,5,,,,,,